Product_Reporting,FormStart,Form_Conversion
Auto,2,1
Business Loans,0,0
Home Equity,2,0
Personal,54,44
Purchase,1,7
Refinance,63,1
Reverse Mortgage,0,1
,,
,,
,,
,,
,,
,,
,,
,,
,,
,,
,,
,,
,,
,,
,,
,,
,,
,,
,,
,,
,,
,,
,,
,,
,,
,,
,,
,,
,,
,,
,,
,,
,,
,,
,,
,,
,,
,,
,,
,,
,,
,,
,,
,,
,,
,,
,,
,,
,,
,,
,,
,,
,,
,,
,,
,,
,,
,,
,,
,,
,,
,,
,,
,,
,,
,,
,,
,,
,,
,,
,,
,,
,,
,,
,,
,,
,,
,,
,,
,,
,,
,,
,,
,,
,,
,,
,,
,,
,,
Personal,,
Personal,,
Personal,,
Personal,,
Personal,,
Personal,,
Personal,,
Purchase,,
,,
,,
,,
,,
,,
,,
,,
,,
,,
,,
,,
,,
,,
,,
,,
,,
,,
,,
,,
,,
,,
,,
,,
,,
,,
Personal,,
Purchase,,
Refinance,,
Refinance,,
Refinance,,
Purchase,,
Refinance,,
Personal,,
Purchase,,
Personal,,
Refinance,,
Home Equity,,
Personal,,
Personal,,
Personal,,
Refinance,,
Refinance,,
Refinance,,
Personal,,
Purchase,,
Personal,,
Personal,,
Refinance,,
,,
Personal,,
Refinance,,
Personal,,
Personal,,
Personal,,
Personal,,
Business Loans,,
Refinance,,
Personal,,
Personal,,
Refinance,,
Personal,,
Personal,,
Refinance,,
Refinance,,
Personal,,
Personal,,
Auto,,
Personal,,
Refinance,,
Personal,,
Refinance,,
,,
Refinance,,
Personal,,
Refinance,,
Refinance,,
Personal,,
Personal,,
Personal,,
Personal,,
Refinance,,
Personal,,
Personal,,
Personal,,
Refinance,,
Personal,,
Personal,,
Refinance,,
Personal,,
Personal,,
Personal,,
Personal,,
Personal,,
Personal,,
Personal,,
Refinance,,
Personal,,
Refinance,,
Purchase,,
Refinance,,
Personal,,
Refinance,,
Personal,,
Refinance,,
Refinance,,
Personal,,
Personal,,
Auto,,
Refinance,,
Home Equity,,
Personal,,
Refinance,,
Personal,,
Purchase,,
Personal,,
Personal,,
Refinance,,
Personal,,
Personal,,
Refinance,,
Personal,,
Refinance,,
Personal,,
Refinance,,
Refinance,,
Refinance,,
Refinance,,
Home Equity,,
Refinance,,
Personal,,
Home Equity,,
Refinance,,
Business Loans,,
Refinance,,
Personal,,
Personal,,
Personal,,
Personal,,
Personal,,
Refinance,,
Personal,,
Personal,,
Personal,,
,,
,,
,,
,,
,,
,,
,,
,,
,,
,,
,,
,,
,,
,,
,,
,,
Personal,,
Personal,,
Personal,,
Personal,,
Personal,,
Personal,,
Personal,,
Personal,,
Personal,,
Personal,,
Personal,,
Personal,,
Personal,,
Personal,,
Personal,,
Refinance,,
Reverse Mortgage,,
,,
,,
,,
Personal,,
Personal,,
Personal,,
Personal,,
Personal,,
Personal,,
,,
,,
Personal,,
Personal,,
Personal,,
Personal,,
Personal,,
,,
,,
,,
,,
Personal,,
,,
,,
,,
Personal,,
Personal,,
,,
Auto,,
,,
,,
,,
Personal,,
Personal,,
Personal,,
,,
,,
Personal,,
Personal,,
,,
,,
Personal,,
,,
Personal,,
,,
Personal,,
Auto,,
Refinance,,
Personal,,
Personal,,
Refinance,,
Purchase,,
Purchase,,
Refinance,,
Refinance,,
Refinance,,
Personal,,
Purchase,,
Purchase,,
Refinance,,
Refinance,,
Personal,,
Refinance,,
Personal,,
Refinance,,
Purchase,,
Personal,,
Personal,,
Refinance,,
Refinance,,
Personal,,
Refinance,,
Refinance,,
Personal,,
Refinance,,
Personal,,
Refinance,,
Personal,,
Personal,,
Personal,,
Personal,,
Purchase,,
Purchase,,
Purchase,,
Refinance,,
Personal,,
Refinance,,
Personal,,
Refinance,,
Personal,,
Purchase,,
Personal,,
Purchase,,
Refinance,,
Personal,,
Personal,,
Personal,,
Refinance,,
Purchase,,
Purchase,,
Purchase,,
Refinance,,
Purchase,,
Purchase,,
Personal,,
